SensorId, TimeStamp (s), FrameNumber, QuatW, QuatX, QuatY, QuatZ
4,0.0,0,-0.62889999,0.76699996,0.1231,0.0299
4,0.01,1,-0.62889999,0.76699996,0.1232,0.0299
4,0.02,2,-0.62900001,0.7669,0.12329999,0.0298
4,0.03,3,-0.62900001,0.7669,0.12329999,0.0297
4,0.04,4,-0.62909997,0.76679999,0.1234,0.0296
4,0.05,5,-0.62909997,0.76679999,0.1234,0.0295
4,0.06,6,-0.62919998,0.76679999,0.1234,0.0294
4,0.07,7,-0.62919998,0.76669997,0.1235,0.0292
4,0.08,8,-0.62919998,0.76669997,0.1235,0.0291
4,0.09,9,-0.62919998,0.76669997,0.1235,0.0289
4,0.1,10,-0.62919998,0.76669997,0.1234,0.0288
4,0.11,11,-0.62919998,0.76669997,0.1234,0.0287
4,0.12,12,-0.62919998,0.76669997,0.12329999,0.0287
4,0.13,13,-0.6293,0.76669997,0.12329999,0.0286
4,0.14,14,-0.6293,0.76669997,0.1232,0.0285
4,0.15,15,-0.6293,0.76669997,0.123,0.0285
4,0.16,16,-0.62939996,0.76669997,0.123,0.0284
4,0.17,17,-0.62939996,0.76669997,0.12289999,0.0283
4,0.18,18,-0.62939996,0.76659995,0.12289999,0.0282
4,0.19,19,-0.62949997,0.76659995,0.123,0.0282
4,0.2,20,-0.62949997,0.76659995,0.123,0.0281
4,0.21,21,-0.62949997,0.76659995,0.12289999,0.0281
4,0.22,22,-0.62959999,0.7665,0.12289999,0.0282
4,0.23,23,-0.62959999,0.7665,0.12289999,0.0282
4,0.24,24,-0.62970001,0.7665,0.1228,0.0282
4,0.25,25,-0.62970001,0.76639998,0.12289999,0.0282
4,0.26,26,-0.62979996,0.76639998,0.12289999,0.0282
4,0.27,27,-0.62979996,0.76629996,0.123,0.0282
4,0.28,28,-0.62979996,0.76629996,0.1232,0.0282
4,0.29,29,-0.62989998,0.76620001,0.12329999,0.0282
4,0.3,30,-0.62989998,0.76620001,0.1234,0.0281
4,0.31,31,-0.62989998,0.76620001,0.1234,0.0281
4,0.32,32,-0.62989998,0.76620001,0.1235,0.0281
4,0.33,33,-0.62989998,0.76620001,0.1235,0.0281
4,0.34,34,-0.62989998,0.76620001,0.1235,0.028
4,0.35,35,-0.62989998,0.76609999,0.1235,0.028
4,0.36,36,-0.63,0.76609999,0.1235,0.0279
4,0.37,37,-0.63,0.76609999,0.1236,0.0279
4,0.38,38,-0.63,0.76609999,0.1237,0.0278
4,0.39,39,-0.63,0.76599997,0.12379999,0.0278
4,0.4,40,-0.63,0.76599997,0.124,0.0277
4,0.41,41,-0.63,0.76599997,0.124,0.0277
4,0.42,42,-0.63,0.76599997,0.1241,0.0277
4,0.43,43,-0.63,0.76599997,0.12419999,0.0277
4,0.44,44,-0.63010001,0.76589996,0.1243,0.0277
4,0.45,45,-0.63010001,0.76589996,0.1244,0.0277
4,0.46,46,-0.63010001,0.76589996,0.1245,0.0277
4,0.47,47,-0.63010001,0.76589996,0.12469999,0.0278
4,0.48,48,-0.63010001,0.7658,0.1249,0.0278
4,0.49,49,-0.63010001,0.7658,0.125,0.0278
4,0.5,50,-0.63010001,0.7658,0.1252,0.0277
4,0.51,51,-0.63010001,0.7658,0.12529999,0.0278
4,0.52,52,-0.63010001,0.76569998,0.12539999,0.0278
4,0.53,53,-0.63010001,0.76569998,0.12539999,0.0279
4,0.54,54,-0.63010001,0.76569998,0.12549999,0.028
4,0.55,55,-0.63010001,0.76569998,0.12549999,0.028
4,0.56,56,-0.63010001,0.76569998,0.12549999,0.028
4,0.57,57,-0.63010001,0.76559997,0.1256,0.028
4,0.58,58,-0.63010001,0.76559997,0.1257,0.028
4,0.59,59,-0.63010001,0.76559997,0.1259,0.028
4,0.6,60,-0.63010001,0.76559997,0.1261,0.028
4,0.61,61,-0.63010001,0.76559997,0.1261,0.028
4,0.62,62,-0.63010001,0.76559997,0.12619999,0.028
4,0.63,63,-0.63,0.76559997,0.12629999,0.028
4,0.64,64,-0.63010001,0.76559997,0.12629999,0.0281
4,0.65,65,-0.63,0.76559997,0.12639999,0.0281
4,0.66,66,-0.63,0.76559997,0.12639999,0.0281
4,0.67,67,-0.63,0.76559997,0.1265,0.0281
4,0.68,68,-0.63,0.76559997,0.1265,0.028
4,0.69,69,-0.63,0.76559997,0.1265,0.028
4,0.7,70,-0.63,0.76569998,0.12639999,0.028
4,0.71,71,-0.62989998,0.76569998,0.12639999,0.028
4,0.72,72,-0.62989998,0.76569998,0.12629999,0.028
4,0.73,73,-0.62989998,0.76569998,0.12629999,0.0281
4,0.74,74,-0.62989998,0.7658,0.12629999,0.0281
4,0.75,75,-0.62989998,0.76569998,0.12629999,0.0281
4,0.76,76,-0.62989998,0.76569998,0.12629999,0.028
4,0.77,77,-0.62989998,0.76569998,0.12629999,0.028
4,0.78,78,-0.62989998,0.76569998,0.12639999,0.028
4,0.79,79,-0.62979996,0.7658,0.1265,0.0279
4,0.8,80,-0.62979996,0.7658,0.1266,0.0278
4,0.81,81,-0.62979996,0.7658,0.1266,0.0278
4,0.82,82,-0.62979996,0.7658,0.1266,0.0279
4,0.83,83,-0.62979996,0.76569998,0.1266,0.0279
4,0.84,84,-0.62979996,0.76569998,0.1266,0.028
4,0.85,85,-0.62979996,0.76569998,0.1266,0.028
4,0.86,86,-0.62979996,0.76569998,0.1266,0.028
4,0.87,87,-0.62979996,0.76569998,0.1267,0.028
4,0.88,88,-0.62979996,0.76569998,0.1267,0.028
4,0.89,89,-0.62970001,0.7658,0.1268,0.028
4,0.9,90,-0.62970001,0.7658,0.1268,0.0279
4,0.91,91,-0.62970001,0.7658,0.1267,0.0279
4,0.92,92,-0.62970001,0.76589996,0.1267,0.0279
4,0.93,93,-0.62959999,0.76589996,0.1266,0.0279
4,0.94,94,-0.62959999,0.76589996,0.1265,0.0279
4,0.95,95,-0.62959999,0.76589996,0.1266,0.0279
4,0.96,96,-0.62959999,0.76589996,0.1266,0.028
4,0.97,97,-0.62959999,0.76589996,0.1266,0.028
4,0.98,98,-0.62959999,0.76589996,0.1267,0.028
4,0.99,99,-0.62949997,0.76599997,0.1267,0.0281
4,1.0,100,-0.62949997,0.76599997,0.1267,0.0282
4,1.01,101,-0.62949997,0.76599997,0.1266,0.0282
4,1.02,102,-0.62939996,0.76599997,0.1266,0.0283
4,1.03,103,-0.62939996,0.76599997,0.1266,0.0283
4,1.04,104,-0.62939996,0.76609999,0.1265,0.0283
4,1.05,105,-0.62939996,0.76609999,0.1265,0.0284
4,1.06,106,-0.62939996,0.76609999,0.12639999,0.0284
4,1.07,107,-0.62939996,0.76609999,0.12639999,0.0285
4,1.08,108,-0.62939996,0.76609999,0.1265,0.0285
4,1.09,109,-0.62939996,0.76609999,0.1265,0.0285
4,1.1,110,-0.62939996,0.76609999,0.1265,0.0285
4,1.11,111,-0.62939996,0.76609999,0.1265,0.0285
4,1.12,112,-0.62939996,0.76609999,0.12639999,0.0285
4,1.13,113,-0.62939996,0.76609999,0.12629999,0.0286
4,1.14,114,-0.6293,0.76620001,0.12629999,0.0286
4,1.15,115,-0.6293,0.76620001,0.12629999,0.0286
4,1.16,116,-0.6293,0.76620001,0.12629999,0.0287
4,1.17,117,-0.6293,0.76620001,0.12629999,0.0287
4,1.18,118,-0.6293,0.76620001,0.12629999,0.0287
4,1.19,119,-0.6293,0.76620001,0.12629999,0.0288
4,1.2,120,-0.6293,0.76620001,0.12629999,0.0289
4,1.21,121,-0.62919998,0.76620001,0.12619999,0.029
4,1.22,122,-0.62919998,0.76629996,0.12619999,0.0291
4,1.23,123,-0.62919998,0.76629996,0.12619999,0.0291
4,1.24,124,-0.62919998,0.76629996,0.12619999,0.0291
4,1.25,125,-0.62919998,0.76629996,0.12619999,0.0292
4,1.26,126,-0.62919998,0.76629996,0.12619999,0.0292
4,1.27,127,-0.62919998,0.76629996,0.12619999,0.0292
4,1.28,128,-0.62919998,0.76629996,0.12619999,0.0292
4,1.29,129,-0.62919998,0.76629996,0.12629999,0.0291
4,1.3,130,-0.62909997,0.76629996,0.12619999,0.0291
4,1.31,131,-0.62909997,0.76639998,0.1261,0.029
4,1.32,132,-0.62909997,0.76639998,0.126,0.029
4,1.33,133,-0.62909997,0.76639998,0.1258,0.029
4,1.34,134,-0.62909997,0.76639998,0.1257,0.029
4,1.35,135,-0.62909997,0.76639998,0.1256,0.0291
4,1.36,136,-0.62909997,0.7665,0.12549999,0.0292
4,1.37,137,-0.62909997,0.76639998,0.12549999,0.0293
4,1.38,138,-0.62909997,0.76639998,0.12549999,0.0294
4,1.39,139,-0.62909997,0.7665,0.12549999,0.0295
4,1.4,140,-0.62909997,0.7665,0.12539999,0.0296
4,1.41,141,-0.62900001,0.7665,0.12539999,0.0297
4,1.42,142,-0.62900001,0.7665,0.12539999,0.0298
4,1.43,143,-0.62909997,0.7665,0.12529999,0.0299
4,1.44,144,-0.62909997,0.7665,0.12529999,0.0299
4,1.45,145,-0.62919998,0.76639998,0.1252,0.03
4,1.46,146,-0.62919998,0.76639998,0.1252,0.03
4,1.47,147,-0.62919998,0.76639998,0.1252,0.03
4,1.48,148,-0.62919998,0.76639998,0.12529999,0.03
4,1.49,149,-0.62919998,0.76639998,0.12529999,0.03
4,1.5,150,-0.62919998,0.76639998,0.12539999,0.0301
4,1.51,151,-0.62919998,0.76639998,0.12539999,0.0301
4,1.52,152,-0.62919998,0.76639998,0.12539999,0.0302
4,1.53,153,-0.62919998,0.76639998,0.12539999,0.0302
4,1.54,154,-0.62919998,0.76639998,0.12549999,0.0302
4,1.55,155,-0.62919998,0.76639998,0.12549999,0.0302
4,1.56,156,-0.62919998,0.76629996,0.12549999,0.0302
4,1.57,157,-0.62919998,0.76629996,0.12549999,0.0301
4,1.58,158,-0.62919998,0.76629996,0.12549999,0.03
4,1.59,159,-0.6293,0.76629996,0.12549999,0.03
4,1.6,160,-0.6293,0.76629996,0.12539999,0.0302
4,1.61,161,-0.6293,0.76620001,0.12539999,0.0302
4,1.62,162,-0.6293,0.76620001,0.12529999,0.0303
4,1.63,163,-0.62939996,0.76629996,0.12529999,0.0303
4,1.64,164,-0.62939996,0.76620001,0.12529999,0.0303
4,1.65,165,-0.6293,0.76629996,0.12529999,0.0303
4,1.66,166,-0.6293,0.76620001,0.12539999,0.0303
4,1.67,167,-0.6293,0.76620001,0.12539999,0.0303
4,1.68,168,-0.6293,0.76620001,0.12549999,0.0303
4,1.69,169,-0.6293,0.76620001,0.1256,0.0302
4,1.7,170,-0.6293,0.76629996,0.1256,0.0303
4,1.71,171,-0.6293,0.76629996,0.12549999,0.0304
4,1.72,172,-0.62919998,0.76629996,0.12539999,0.0305
4,1.73,173,-0.62919998,0.76629996,0.12529999,0.0306
4,1.74,174,-0.62919998,0.76629996,0.1252,0.0307
4,1.75,175,-0.62919998,0.76629996,0.1252,0.0307
4,1.76,176,-0.62919998,0.76629996,0.1252,0.0307
4,1.77,177,-0.62919998,0.76629996,0.12529999,0.0307
4,1.78,178,-0.62919998,0.76629996,0.12529999,0.0307
4,1.79,179,-0.62919998,0.76639998,0.12539999,0.0306
4,1.8,180,-0.62919998,0.76639998,0.12539999,0.0306
4,1.81,181,-0.62919998,0.76639998,0.12529999,0.0306
4,1.82,182,-0.62919998,0.76639998,0.12529999,0.0306
4,1.83,183,-0.6293,0.76629996,0.1252,0.0306
4,1.84,184,-0.6293,0.76629996,0.1251,0.0306
4,1.85,185,-0.62939996,0.76629996,0.1251,0.0305
4,1.86,186,-0.62939996,0.76620001,0.125,0.0305
4,1.87,187,-0.62949997,0.76620001,0.1248,0.0303
4,1.88,188,-0.62959999,0.76620001,0.12459999,0.03
4,1.89,189,-0.62979996,0.76609999,0.1243,0.0297
4,1.9,190,-0.62989998,0.76599997,0.124,0.0294
4,1.91,191,-0.63,0.76599997,0.1236,0.029
4,1.92,192,-0.63019997,0.76599997,0.1232,0.0286
4,1.93,193,-0.63029999,0.76589996,0.12289999,0.0283
4,1.94,194,-0.6304,0.76589996,0.1227,0.0281
4,1.95,195,-0.63059998,0.76569998,0.12239999,0.0279
4,1.96,196,-0.63089997,0.76559997,0.1219,0.0277
4,1.97,197,-0.63119996,0.76550001,0.1213,0.0275
4,1.98,198,-0.63139999,0.76539999,0.12069999,0.0273
4,1.99,199,-0.63159996,0.76539999,0.1199,0.027
4,2.0,200,-0.63190001,0.76529998,0.11889999,0.0267
4,2.01,201,-0.6322,0.76529998,0.1177,0.0261
4,2.02,202,-0.63260001,0.76519996,0.1164,0.0256
4,2.03,203,-0.63299996,0.76499999,0.11499999,0.025
4,2.04,204,-0.63349998,0.76489997,0.1136,0.0245
4,2.05,205,-0.634,0.76459998,0.1124,0.024
4,2.06,206,-0.63459998,0.76440001,0.1111,0.0236
4,2.07,207,-0.63510001,0.76409996,0.1098,0.0232
4,2.08,208,-0.6358,0.76379997,0.10839999,0.0228
4,2.09,209,-0.6365,0.76349998,0.1068,0.0225
4,2.1,210,-0.6372,0.76309997,0.1049,0.0222
4,2.11,211,-0.63809997,0.7626,0.1028,0.0222
4,2.12,212,-0.63909996,0.76209998,0.1003,0.0224
4,2.13,213,-0.6401,0.76159996,0.0975,0.0232
4,2.14,214,-0.64109999,0.76109999,0.0945,0.0244
4,2.15,215,-0.64219999,0.76049995,0.0916,0.026
4,2.16,216,-0.6433,0.75989997,0.0885,0.0277
4,2.17,217,-0.64459997,0.75909996,0.0851,0.0295
4,2.18,218,-0.6462,0.75799996,0.0815,0.0314
4,2.19,219,-0.648,0.7568,0.0774,0.0337
4,2.2,220,-0.6498,0.75569999,0.0729,0.0363
4,2.21,221,-0.65139997,0.75449997,0.0681,0.0392
4,2.22,222,-0.653,0.75349998,0.0628,0.0422
4,2.23,223,-0.65489995,0.75209999,0.0576,0.0451
4,2.24,224,-0.65740001,0.75,0.0527,0.0485
4,2.25,225,-0.66009998,0.74759996,0.048,0.0531
4,2.26,226,-0.66259998,0.74529999,0.0432,0.0586
4,2.27,227,-0.66469997,0.7432,0.0381,0.0643
4,2.28,228,-0.66639996,0.7414,0.0331,0.07009999
4,2.29,229,-0.66759998,0.74000001,0.0279,0.0764
4,2.3,230,-0.6681,0.73899996,0.0225,0.08329999
4,2.31,231,-0.66829997,0.73809999,0.0168,0.0905
4,2.32,232,-0.66859996,0.73699999,0.0109,0.0979
4,2.33,233,-0.6688,0.73579997,0.0055,0.1056
4,2.34,234,-0.6692,0.73429996,0.0007,0.1134
4,2.35,235,-0.66939998,0.73280001,-0.0036,0.1212
4,2.36,236,-0.66949999,0.73139995,-0.008,0.1287
4,2.37,237,-0.66929996,0.73030001,-0.0125,0.1358
4,2.38,238,-0.66869998,0.72939998,-0.0172,0.1428
4,2.39,239,-0.66799998,0.72850001,-0.022,0.1496
4,2.4,240,-0.66729999,0.72749996,-0.0268,0.1567
4,2.41,241,-0.66659999,0.72639996,-0.0316,0.1638
4,2.42,242,-0.66579998,0.72529995,-0.0365,0.1709
4,2.43,243,-0.66479999,0.72429997,-0.0413,0.1779
4,2.44,244,-0.66329998,0.72359997,-0.0457,0.1849
4,2.45,245,-0.66149998,0.72310001,-0.0501,0.19209999
4,2.46,246,-0.65939999,0.72279996,-0.055,0.199
4,2.47,247,-0.6573,0.72240001,-0.0601,0.2057
4,2.48,248,-0.6552,0.722,-0.0652,0.2121
4,2.49,249,-0.653,0.7216,-0.0706,0.2183
4,2.5,250,-0.65059996,0.72139996,-0.0759,0.2243
4,2.51,251,-0.648,0.72130001,-0.081,0.2305
4,2.52,252,-0.64529997,0.72109997,-0.0858,0.2368
4,2.53,253,-0.64279997,0.72060001,-0.0902,0.24339999
4,2.54,254,-0.64039999,0.71999997,-0.09429999,0.25009999
4,2.55,255,-0.63819999,0.7191,-0.0979,0.2568
4,2.56,256,-0.63620001,0.71799999,-0.1011,0.26339999
4,2.57,257,-0.63429999,0.71679997,-0.1042,0.26999998
4,2.58,258,-0.63249999,0.7155,-0.1073,0.2762
4,2.59,259,-0.63069999,0.71429998,-0.1102,0.28219998
4,2.6,260,-0.62879997,0.71329999,-0.113,0.28779998
4,2.61,261,-0.62689996,0.71270001,-0.1156,0.29260001
4,2.62,262,-0.62489998,0.7123,-0.1179,0.29679999
4,2.63,263,-0.62279999,0.7123,-0.1199,0.30039999
4,2.64,264,-0.6207,0.71249998,-0.1213,0.3035
4,2.65,265,-0.61869997,0.71289998,-0.12249999,0.30629998
4,2.66,266,-0.61689997,0.71329999,-0.1232,0.30849999
4,2.67,267,-0.61539996,0.71379995,-0.1234,0.31029999
4,2.68,268,-0.6142,0.71429998,-0.1231,0.3118
4,2.69,269,-0.61320001,0.7148,-0.1223,0.31279999
4,2.7,270,-0.61250001,0.71539998,-0.1209,0.3136
4,2.71,271,-0.61199999,0.7159,-0.11889999,0.31419998
4,2.72,272,-0.61149997,0.71649998,-0.1158,0.31479999
4,2.73,273,-0.61109996,0.71709996,-0.1121,0.3154
4,2.74,274,-0.61089998,0.71779996,-0.1082,0.31569999
4,2.75,275,-0.61089998,0.71859998,-0.10439999,0.31529999
4,2.76,276,-0.61079997,0.71950001,-0.1008,0.3145
4,2.77,277,-0.61070001,0.72069997,-0.0973,0.31309998
4,2.78,278,-0.61049998,0.722,-0.094,0.3116
4,2.79,279,-0.61039996,0.72319996,-0.0905,0.31
4,2.8,280,-0.6103,0.72439998,-0.08679999,0.30849999
4,2.81,281,-0.61019999,0.72549999,-0.0829,0.30699998
4,2.82,282,-0.61009997,0.72679996,-0.07979999,0.30489999
4,2.83,283,-0.60879999,0.72920001,-0.0778,0.30230001
4,2.84,284,-0.60609996,0.73259997,-0.0757,0.2999
4,2.85,285,-0.60420001,0.73449999,-0.0721,0.30019999
4,2.86,286,-0.60389996,0.73409998,-0.0684,0.30249998
4,2.87,287,-0.60409999,0.73369998,-0.0648,0.30379999
4,2.88,288,-0.60369998,0.73439997,-0.0607,0.30399999
4,2.89,289,-0.6024,0.73609996,-0.0558,0.30320001
4,2.9,290,-0.60100001,0.73820001,-0.0507,0.30179998
4,2.91,291,-0.59990001,0.7403,-0.0463,0.29969999
4,2.92,292,-0.59850001,0.74269998,-0.042,0.29719999
4,2.93,293,-0.59670001,0.74539995,-0.0373,0.29459998
4,2.94,294,-0.59490001,0.74799997,-0.0322,0.29229999
4,2.95,295,-0.59319997,0.75049996,-0.0271,0.2897
4,2.96,296,-0.59189999,0.75279999,-0.0222,0.2868
4,2.97,297,-0.59079999,0.75479996,-0.0169,0.2843
4,2.98,298,-0.5898,0.75639999,-0.0111,0.28219998
4,2.99,299,-0.58880001,0.75809997,-0.005,0.2798
4,3.0,300,-0.58759999,0.76029998,0.0011,0.27649999
4,3.01,301,-0.58639997,0.7626,0.007,0.27269998
4,3.02,302,-0.58529997,0.76479995,0.0124,0.2685
4,3.03,303,-0.58469999,0.76669997,0.0179,0.2642
4,3.04,304,-0.58450001,0.76809996,0.0235,0.25999999
4,3.05,305,-0.58469999,0.76909995,0.0294,0.25619999
4,3.06,306,-0.58489996,0.76969999,0.0358,0.2529
4,3.07,307,-0.5851,0.77029997,0.0423,0.24969999
4,3.08,308,-0.58529997,0.77079999,0.0486,0.24659999
4,3.09,309,-0.58539999,0.77139997,0.0542,0.24319999
4,3.1,310,-0.58559996,0.77199996,0.0592,0.23959999
4,3.11,311,-0.58590001,0.77269995,0.0637,0.23559999
4,3.12,312,-0.58629996,0.77340001,0.0675,0.23099999
4,3.13,313,-0.5869,0.77410001,0.0709,0.2261
4,3.14,314,-0.58759999,0.7748,0.0738,0.2209
4,3.15,315,-0.58829999,0.77559996,0.0762,0.2154
4,3.16,316,-0.58899999,0.77629995,0.0784,0.20979999
4,3.17,317,-0.5898,0.77700001,0.0803,0.2043
4,3.18,318,-0.59060001,0.77759999,0.0821,0.19909999
4,3.19,319,-0.59130001,0.77809995,0.0839,0.19419999
4,3.2,320,-0.59189999,0.77859998,0.0858,0.1894
4,3.21,321,-0.59259999,0.7791,0.08769999,0.18439999
4,3.22,322,-0.59329998,0.77950001,0.0897,0.1794
4,3.23,323,-0.59399998,0.77989995,0.0916,0.17459999
4,3.24,324,-0.59459996,0.78009999,0.0938,0.17019999
4,3.25,325,-0.59529996,0.7802,0.096,0.16589999
4,3.26,326,-0.59599996,0.78029996,0.0981,0.16139999
4,3.27,327,-0.59679997,0.78049999,0.0998,0.1566
4,3.28,328,-0.5977,0.78059995,0.101,0.15179999
4,3.29,329,-0.5984,0.7809,0.1019,0.147
4,3.3,330,-0.59889996,0.78119999,0.1027,0.1424
4,3.31,331,-0.59939998,0.7816,0.1033,0.13789999
4,3.32,332,-0.60009998,0.78189999,0.1033,0.1329
4,3.33,333,-0.60079998,0.78239995,0.1026,0.1275
4,3.34,334,-0.60159999,0.78289998,0.101,0.1215
4,3.35,335,-0.60249996,0.7834,0.0991,0.1156
4,3.36,336,-0.60319996,0.78389996,0.0973,0.10969999
4,3.37,337,-0.60389996,0.78429997,0.0958,0.1042
4,3.38,338,-0.60469997,0.7845,0.0946,0.099
4,3.39,339,-0.60530001,0.78469998,0.0936,0.0941
4,3.4,340,-0.60579997,0.78499997,0.0929,0.0896
4,3.41,341,-0.6063,0.7852,0.0923,0.0852
4,3.42,342,-0.6067,0.78529996,0.0919,0.0813
4,3.43,343,-0.60719997,0.78529996,0.0917,0.07759999
4,3.44,344,-0.60780001,0.7852,0.0915,0.0741
4,3.45,345,-0.60829997,0.7852,0.0914,0.0706
4,3.46,346,-0.60869998,0.78509998,0.0916,0.0672
4,3.47,347,-0.6092,0.78490001,0.09209999,0.0645
4,3.48,348,-0.6099,0.78439999,0.09299999,0.0622
4,3.49,349,-0.61059999,0.78399998,0.0939,0.0599
4,3.5,350,-0.61119998,0.78359997,0.0949,0.0577
4,3.51,351,-0.6117,0.78319997,0.0958,0.0552
4,3.52,352,-0.61219996,0.78299999,0.0963,0.0522
4,3.53,353,-0.6128,0.7827,0.0964,0.0488
4,3.54,354,-0.61359996,0.7823,0.0963,0.0452
4,3.55,355,-0.61439997,0.78189999,0.0963,0.0415
4,3.56,356,-0.61519998,0.78149998,0.0966,0.0377
4,3.57,357,-0.61589998,0.78099996,0.0973,0.034
4,3.58,358,-0.61659998,0.78039998,0.0981,0.0304
4,3.59,359,-0.61750001,0.77969998,0.0989,0.0271
4,3.6,360,-0.61860001,0.77899998,0.0994,0.0241
4,3.61,361,-0.61969995,0.77819997,0.0995,0.0213
4,3.62,362,-0.62089998,0.77719998,0.0994,0.0187
4,3.63,363,-0.62229997,0.7762,0.09959999,0.0161
4,3.64,364,-0.62360001,0.77509999,0.09999999,0.0136
4,3.65,365,-0.625,0.77399999,0.1007,0.0112
4,3.66,366,-0.62629998,0.77279997,0.1012,0.0089
4,3.67,367,-0.62759995,0.77169997,0.1014,0.0064
4,3.68,368,-0.62909997,0.77059996,0.1014,0.0043
4,3.69,369,-0.6304,0.76949996,0.101,0.0025
4,3.7,370,-0.63169998,0.76859999,0.1005,0.0011
4,3.71,371,-0.63309997,0.76739997,0.1001,0.0001
4,3.72,372,-0.63479996,0.76620001,0.0994,-0.0005
4,3.73,373,-0.63659996,0.76489997,0.09779999,-0.0013
4,3.74,374,-0.63859999,0.76349998,0.0954,-0.0018
4,3.75,375,-0.64069998,0.76209998,0.0926,-0.0018
4,3.76,376,-0.64289999,0.76059997,0.0897,-0.0011
4,3.77,377,-0.64519995,0.759,0.0867,0.0004
4,3.78,378,-0.64709997,0.75769997,0.0836,0.0028
4,3.79,379,-0.64859998,0.7568,0.0803,0.0057
4,3.8,380,-0.6498,0.75599998,0.0769,0.009
4,3.81,381,-0.65090001,0.7554,0.0736,0.0128
4,3.82,382,-0.65130001,0.75529999,0.0703,0.017
4,3.83,383,-0.65169996,0.755,0.0677,0.0215
4,3.84,384,-0.65239996,0.75449997,0.0654,0.0266
4,3.85,385,-0.65319997,0.75379997,0.0619,0.0327
4,3.86,386,-0.65419996,0.75309998,0.0576,0.0386
4,3.87,387,-0.6552,0.75229996,0.0526,0.0439
4,3.88,388,-0.65649998,0.7511,0.0471,0.0491
4,3.89,389,-0.65789998,0.74989998,0.0414,0.0542
4,3.9,390,-0.65869999,0.74919999,0.0354,0.0586
4,3.91,391,-0.65899998,0.74879998,0.0296,0.063
4,3.92,392,-0.65889996,0.74860001,0.0241,0.068
4,3.93,393,-0.65869999,0.74839997,0.0193,0.0741
4,3.94,394,-0.6584,0.74809998,0.0148,0.0808
4,3.95,395,-0.65799999,0.74769998,0.0102,0.0878
4,3.96,396,-0.6573,0.7475,0.0057,0.0948
4,3.97,397,-0.65630001,0.74739999,0.0013,0.1021
4,3.98,398,-0.65499997,0.7475,-0.0028,0.1098
4,3.99,399,-0.65329999,0.74769998,-0.0066,0.118
4,4.0,400,-0.65169996,0.74759996,-0.0102,0.1267
4,4.01,401,-0.65020001,0.74729997,-0.0139,0.1355
4,4.02,402,-0.64879996,0.74689996,-0.0178,0.1442
4,4.03,403,-0.6473,0.7464,-0.0215,0.15259999
4,4.04,404,-0.64579999,0.74589998,-0.0252,0.1609
4,4.05,405,-0.64429998,0.74519998,-0.0291,0.1689
4,4.06,406,-0.64279997,0.74449998,-0.0333,0.1769
4,4.07,407,-0.64120001,0.74379998,-0.0381,0.18449999
4,4.08,408,-0.63949996,0.74309999,-0.0432,0.1918
4,4.09,409,-0.63769996,0.74239999,-0.0488,0.1988
4,4.1,410,-0.6358,0.74180001,-0.0548,0.2057
4,4.11,411,-0.63379997,0.74119997,-0.061,0.21229999
4,4.12,412,-0.63159996,0.74059999,-0.0674,0.2189
4,4.13,413,-0.62949997,0.73979998,-0.0736,0.22549999
4,4.14,414,-0.6275,0.73879999,-0.0797,0.2322
4,4.15,415,-0.62559998,0.73759997,-0.0856,0.23889999
4,4.16,416,-0.62369996,0.73640001,-0.0914,0.24529999
4,4.17,417,-0.6221,0.73499995,-0.0969,0.2516
4,4.18,418,-0.62040001,0.7335,-0.1024,0.25779998
4,4.19,419,-0.61869997,0.73199999,-0.1077,0.26369998
4,4.2,420,-0.61680001,0.73079997,-0.1129,0.2692
4,4.21,421,-0.61479998,0.7299,-0.118,0.27399999
4,4.22,422,-0.61299998,0.72909999,-0.1228,0.27829999
4,4.23,423,-0.61109996,0.72839999,-0.1276,0.28209999
4,4.24,424,-0.60949999,0.7277,-0.1319,0.2852
4,4.25,425,-0.60820001,0.727,-0.1357,0.28799999
4,4.26,426,-0.60699999,0.72639996,-0.13859999,0.2906
4,4.27,427,-0.60619998,0.72569996,-0.14049999,0.29299998
4,4.28,428,-0.60569996,0.72499996,-0.1415,0.29539999
4,4.29,429,-0.60539997,0.7245,-0.14129999,0.2976
4,4.3,430,-0.60530001,0.72399998,-0.1401,0.29949999
4,4.31,431,-0.60539997,0.72349995,-0.1382,0.30109999
4,4.32,432,-0.60589999,0.72319996,-0.13599999,0.3021
4,4.33,433,-0.60649997,0.72310001,-0.13349999,0.30230001
4,4.34,434,-0.60699999,0.72319996,-0.131,0.3019
4,4.35,435,-0.60769999,0.72359997,-0.12789999,0.301
4,4.36,436,-0.60839999,0.72409999,-0.12419999,0.29979998
4,4.37,437,-0.6092,0.72490001,-0.11979999,0.2983
4,4.38,438,-0.6099,0.7256,-0.1168,0.29620001
4,4.39,439,-0.6092,0.7274,-0.1147,0.29389998
4,4.4,440,-0.60699999,0.73049998,-0.1114,0.29209998
4,4.41,441,-0.60640001,0.73149997,-0.1081,0.29189998
4,4.42,442,-0.60549998,0.73299998,-0.10349999,0.29179999
4,4.43,443,-0.60420001,0.7353,-0.0977,0.29069999
4,4.44,444,-0.60299999,0.73799998,-0.0918,0.28839999
4,4.45,445,-0.60139996,0.74109995,-0.0859,0.28549999
4,4.46,446,-0.59959996,0.74439996,-0.0787,0.28290001
4,4.47,447,-0.59920001,0.7464,-0.0717,0.28029999
4,4.48,448,-0.59859997,0.74860001,-0.0654,0.2771
4,4.49,449,-0.59810001,0.75089997,-0.0594,0.27329999
4,4.5,450,-0.59810001,0.75309998,-0.0538,0.26859999
4,4.51,451,-0.5977,0.75549996,-0.0485,0.26350001
4,4.52,452,-0.59740001,0.7579,-0.0435,0.25830001
4,4.53,453,-0.59740001,0.75989997,-0.0387,0.25299999
4,4.54,454,-0.59740001,0.76179999,-0.0338,0.24779999
4,4.55,455,-0.5977,0.76339996,-0.0286,0.243
4,4.56,456,-0.59799999,0.76479995,-0.0233,0.2383
4,4.57,457,-0.59859997,0.76589996,-0.0182,0.23369999
4,4.58,458,-0.5995,0.76669997,-0.0135,0.22909999
4,4.59,459,-0.60039997,0.76739997,-0.0092,0.2245
4,4.6,460,-0.60139996,0.76800001,-0.0053,0.21969999
4,4.61,461,-0.60249996,0.7687,-0.0021,0.21429999
4,4.62,462,-0.6038,0.76929998,0.0006,0.2084
4,4.63,463,-0.60519999,0.76980001,0.0033,0.2023
4,4.64,464,-0.60659999,0.77019995,0.006,0.19659999
4,4.65,465,-0.60769999,0.77059996,0.0088,0.19139999
4,4.66,466,-0.60859996,0.77109998,0.0119,0.1865
4,4.67,467,-0.60909998,0.77169997,0.0153,0.18179999
4,4.68,468,-0.60960001,0.7723,0.0191,0.1771
4,4.69,469,-0.61000001,0.773,0.0231,0.1724
4,4.7,470,-0.61039996,0.77340001,0.0276,0.168
4,4.71,471,-0.61079997,0.77389997,0.0325,0.1637
4,4.72,472,-0.61109996,0.77429998,0.0378,0.15959999
4,4.73,473,-0.61140001,0.77449995,0.0435,0.1558
4,4.74,474,-0.61159998,0.77469999,0.0492,0.1522
4,4.75,475,-0.61189997,0.7748,0.0545,0.1486
4,4.76,476,-0.61210001,0.77489996,0.0594,0.1453
4,4.77,477,-0.61219996,0.77520001,0.0634,0.1419
4,4.78,478,-0.6124,0.7755,0.0665,0.13769999
4,4.79,479,-0.61259997,0.77590001,0.0689,0.1331
4,4.8,480,-0.61289996,0.7762,0.0711,0.1287
4,4.81,481,-0.61329997,0.77649999,0.073,0.1241
4,4.82,482,-0.61359996,0.77689999,0.0743,0.1193
4,4.83,483,-0.61409998,0.77719998,0.0751,0.1142
4,4.84,484,-0.6146,0.77749997,0.07539999,0.109
4,4.85,485,-0.61509997,0.77779996,0.0753,0.1036
4,4.86,486,-0.61570001,0.77809995,0.0751,0.0984
4,4.87,487,-0.61619997,0.7784,0.0749,0.09339999
4,4.88,488,-0.61649996,0.77859998,0.0747,0.0887
4,4.89,489,-0.6171,0.77879995,0.07449999,0.084
4,4.9,490,-0.61769998,0.77879995,0.0741,0.079
4,4.91,491,-0.61839998,0.77879995,0.0739,0.0739
4,4.92,492,-0.61909997,0.77869999,0.0736,0.0687
4,4.93,493,-0.61989999,0.77859998,0.0734,0.0637
4,4.94,494,-0.6207,0.77829999,0.0731,0.0587
4,4.95,495,-0.62159997,0.778,0.073,0.054
4,4.96,496,-0.62239999,0.77759999,0.0729,0.0494
4,4.97,497,-0.62309998,0.7773,0.0729,0.0451
4,4.98,498,-0.62379998,0.77689999,0.0734,0.0412
4,4.99,499,-0.62459999,0.77649999,0.0741,0.0374
4,5.0,500,-0.62540001,0.77590001,0.0749,0.0335
4,5.01,501,-0.62639999,0.77520001,0.0756,0.0295
4,5.02,502,-0.62739998,0.7744,0.0762,0.0252
4,5.03,503,-0.62839997,0.7737,0.0768,0.0208
4,5.04,504,-0.62939996,0.773,0.0772,0.0162
4,5.05,505,-0.63049996,0.77219999,0.0774,0.0116
4,5.06,506,-0.63169998,0.7712,0.0778,0.0074
4,5.07,507,-0.63299996,0.7701,0.0783,0.0038
4,5.08,508,-0.63440001,0.76889998,0.0788,0.0007
4,5.09,509,-0.63589996,0.76749998,0.0795,-0.0018
4,5.1,510,-0.6376,0.76599997,0.0807,-0.004
4,5.11,511,-0.63940001,0.76440001,0.0823,-0.0058
4,5.12,512,-0.64129996,0.76249999,0.0844,-0.0072
4,5.13,513,-0.64340001,0.76049995,0.08639999,-0.0085
4,5.14,514,-0.64569998,0.75830001,0.0882,-0.0098
4,5.15,515,-0.64809996,0.7561,0.0894,-0.0112
4,5.16,516,-0.65029997,0.75419998,0.0896,-0.0125
4,5.17,517,-0.6523,0.7525,0.0892,-0.0131
4,5.18,518,-0.6541,0.75099999,0.0887,-0.0129
4,5.19,519,-0.65539998,0.75,0.0878,-0.0117
4,5.2,520,-0.65630001,0.74939996,0.08639999,-0.0092
4,5.21,521,-0.65700001,0.74899995,0.0848,-0.0054
4,5.22,522,-0.65719998,0.74899995,0.0831,-0.0007
4,5.23,523,-0.65709996,0.7493,0.0817,0.0046
4,5.24,524,-0.65709996,0.74919999,0.08109999,0.0109
4,5.25,525,-0.65799999,0.74829996,0.0814,0.0182
4,5.26,526,-0.6595,0.74669999,0.0815,0.0269
4,5.27,527,-0.66109997,0.745,0.0804,0.0358
4,5.28,528,-0.66279995,0.74329996,0.0779,0.0445
4,5.29,529,-0.6645,0.74159998,0.07449999,0.0526
4,5.3,530,-0.66609997,0.74000001,0.0704,0.0603
4,5.31,531,-0.66729999,0.73869997,0.0656,0.0675
4,5.32,532,-0.66829997,0.73769999,0.0604,0.0742
4,5.33,533,-0.66869998,0.73699999,0.0549,0.0809
4,5.34,534,-0.66829997,0.73699999,0.0491,0.0881
4,5.35,535,-0.66719997,0.73729998,0.0434,0.09559999
4,5.36,536,-0.6656,0.73799998,0.0378,0.1032
4,5.37,537,-0.66369998,0.73899996,0.0324,0.11059999
4,5.38,538,-0.66170001,0.73979998,0.0272,0.1179
4,5.39,539,-0.65959996,0.74070001,0.0219,0.1251
4,5.4,540,-0.65749997,0.7414,0.0167,0.13259999
4,5.41,541,-0.6552,0.7421,0.0112,0.14039999
4,5.42,542,-0.65289998,0.74259996,0.006,0.1486
4,5.43,543,-0.65069997,0.7428,0.0011,0.15699999
4,5.44,544,-0.64859998,0.7428,-0.0036,0.1656
4,5.45,545,-0.64639997,0.74269998,-0.0085,0.1742
4,5.46,546,-0.64410001,0.74250001,-0.0135,0.1829
4,5.47,547,-0.64179999,0.74219996,-0.0187,0.19159999
4,5.48,548,-0.63959998,0.74169999,-0.0243,0.1999
4,5.49,549,-0.6376,0.74109995,-0.0303,0.2078
4,5.5,550,-0.63559997,0.7403,-0.0367,0.2155
4,5.51,551,-0.63349998,0.73949999,-0.0432,0.22309999
4,5.52,552,-0.6311,0.73890001,-0.0498,0.2305
4,5.53,553,-0.62849998,0.73829997,-0.0562,0.23779999
4,5.54,554,-0.62589997,0.73769999,-0.0626,0.24499999
4,5.55,555,-0.6232,0.73719996,-0.0689,0.2516
4,5.56,556,-0.6207,0.73659998,-0.0753,0.25749999
4,5.57,557,-0.61829996,0.736,-0.0815,0.26299998
4,5.58,558,-0.61579996,0.73559999,-0.08769999,0.26800001
4,5.59,559,-0.61329997,0.73549998,-0.0935,0.27219999
4,5.6,560,-0.61070001,0.73559999,-0.0989,0.2757
4,5.61,561,-0.60829997,0.73579997,-0.1036,0.27860001
4,5.62,562,-0.60609996,0.73619998,-0.1073,0.28099999
4,5.63,563,-0.60399997,0.73679996,-0.11009999,0.28290001
4,5.64,564,-0.60219997,0.73759997,-0.1121,0.28380001
4,5.65,565,-0.60069996,0.73869997,-0.1131,0.28380001
4,5.66,566,-0.59929997,0.74009997,-0.1134,0.28299999
4,5.67,567,-0.59819996,0.74180001,-0.113,0.28099999
4,5.68,568,-0.59729999,0.7439,-0.11189999,0.27770001
4,5.69,569,-0.59619999,0.7464,-0.1098,0.27429998
4,5.7,570,-0.59459996,0.74939996,-0.10659999,0.27070001
4,5.71,571,-0.59209996,0.75339997,-0.10309999,0.26659998
4,5.72,572,-0.58809996,0.75889999,-0.09959999,0.26089999
4,5.73,573,-0.5837,0.7647,-0.09339999,0.2561
4,5.74,574,-0.58329999,0.76629996,-0.0856,0.255
4,5.75,575,-0.58340001,0.7669,-0.0768,0.2559
4,5.76,576,-0.58289999,0.76779997,-0.06659999,0.25689998
4,5.77,577,-0.5826,0.76859999,-0.0561,0.25779998
4,5.78,578,-0.58169997,0.77029997,-0.0457,0.2568
4,5.79,579,-0.58039999,0.7726,-0.0361,0.2543
4,5.8,580,-0.57999998,0.77410001,-0.0274,0.25189999
4,5.81,581,-0.58050001,0.77499998,-0.0194,0.24859999
4,5.82,582,-0.58109999,0.77599996,-0.0118,0.2446
4,5.83,583,-0.58139998,0.77719998,-0.0047,0.24039999
4,5.84,584,-0.5819,0.77809995,0.0022,0.23629999
4,5.85,585,-0.58270001,0.77849996,0.0096,0.23279999
4,5.86,586,-0.58379996,0.77829999,0.0177,0.22999999
4,5.87,587,-0.58489996,0.778,0.0261,0.22739999
4,5.88,588,-0.58609998,0.77759999,0.0342,0.22469999
4,5.89,589,-0.58719999,0.77739996,0.0416,0.22139999
4,5.9,590,-0.58829999,0.7773,0.0482,0.2173
4,5.91,591,-0.58950001,0.7773,0.054,0.21269999
4,5.92,592,-0.59060001,0.77739996,0.0595,0.2078
4,5.93,593,-0.59179997,0.77739996,0.0648,0.20279999
4,5.94,594,-0.59289998,0.7773,0.07009999,0.1979
4,5.95,595,-0.59399998,0.7773,0.0752,0.19299999
4,5.96,596,-0.59499997,0.77719998,0.0801,0.18789999
4,5.97,597,-0.59599996,0.77719998,0.0846,0.18269999
4,5.98,598,-0.59709996,0.77719998,0.0887,0.17739999
4,5.99,599,-0.59799999,0.77719998,0.0925,0.17209999
4,6.0,600,-0.5988,0.7773,0.0959,0.16679999
4,6.01,601,-0.59959996,0.77749997,0.09869999,0.16129999
4,6.02,602,-0.60049999,0.77779996,0.1006,0.15549999
4,6.03,603,-0.60159999,0.778,0.1017,0.14919999
4,6.04,604,-0.6027,0.77829999,0.102,0.1427
4,6.05,605,-0.60369998,0.77869999,0.102,0.1365
4,6.06,606,-0.60460001,0.7791,0.1017,0.1302
4,6.07,607,-0.60530001,0.77959996,0.1013,0.124
4,6.08,608,-0.60589999,0.78009999,0.10089999,0.1179
4,6.09,609,-0.60649997,0.78059995,0.1005,0.112
4,6.1,610,-0.60710001,0.78099996,0.09999999,0.1059
4,6.11,611,-0.60780001,0.78139997,0.0995,0.09959999
4,6.12,612,-0.60869998,0.7816,0.099,0.0931
4,6.13,613,-0.6099,0.78149998,0.0985,0.08679999
4,6.14,614,-0.611,0.78130001,0.0982,0.0807
4,6.15,615,-0.61189997,0.78109998,0.0982,0.0752
4,6.16,616,-0.6128,0.7809,0.0984,0.0702
4,6.17,617,-0.61359996,0.78059995,0.0985,0.0654
4,6.18,618,-0.6146,0.78029996,0.0981,0.0602
4,6.19,619,-0.61570001,0.77989995,0.0975,0.0546
4,6.2,620,-0.61680001,0.77950001,0.0972,0.0491
4,6.21,621,-0.61790001,0.77889997,0.097,0.0439
4,6.22,622,-0.61919999,0.77819997,0.0971,0.0388
4,6.23,623,-0.62040001,0.77739996,0.0971,0.0341
4,6.24,624,-0.62149996,0.77669996,0.0973,0.03
4,6.25,625,-0.62279999,0.77569997,0.098,0.0266
4,6.26,626,-0.62409997,0.77449995,0.0994,0.0239
4,6.27,627,-0.62549996,0.77329999,0.1012,0.0217
4,6.28,628,-0.62699997,0.7719,0.1027,0.0194
4,6.29,629,-0.62869996,0.77029997,0.1039,0.0173
4,6.3,630,-0.63069999,0.7687,0.1046,0.0151
4,6.31,631,-0.63279998,0.76699996,0.1046,0.0129
4,6.32,632,-0.63489997,0.76539999,0.1038,0.0109
4,6.33,633,-0.63690001,0.764,0.1025,0.0096
4,6.34,634,-0.63889998,0.76249999,0.1011,0.0094
4,6.35,635,-0.64050001,0.76139998,0.0991,0.0103
4,6.36,636,-0.64169997,0.76069999,0.0964,0.0121
4,6.37,637,-0.64279997,0.76010001,0.09299999,0.015
4,6.38,638,-0.64379996,0.75959998,0.0895,0.0188
4,6.39,639,-0.64459997,0.75919998,0.0858,0.023
4,6.4,640,-0.64599997,0.75830001,0.0827,0.0278
4,6.41,641,-0.64779997,0.75669998,0.0804,0.0336
4,6.42,642,-0.64959997,0.75519997,0.0774,0.0404
4,6.43,643,-0.6512,0.75379997,0.0731,0.0477
4,6.44,644,-0.653,0.75229996,0.0675,0.0544
4,6.45,645,-0.65499997,0.7507,0.0611,0.0606
4,6.46,646,-0.6566,0.74919999,0.0541,0.0667
4,6.47,647,-0.65779996,0.74799997,0.0474,0.0727
4,6.48,648,-0.65880001,0.74699998,0.0407,0.0786
4,6.49,649,-0.6591,0.74629998,0.0344,0.0849
4,6.5,650,-0.65880001,0.74610001,0.0284,0.0917
4,6.51,651,-0.65779996,0.74619997,0.0227,0.0989
4,6.52,652,-0.65639997,0.74649996,0.0174,0.1067
4,6.53,653,-0.6548,0.74680001,0.0127,0.11499999
4,6.54,654,-0.653,0.74699998,0.0081,0.12379999
4,6.55,655,-0.65090001,0.74729997,0.0037,0.1331
4,6.56,656,-0.64859998,0.7475,-0.0004,0.1427
4,6.57,657,-0.64639997,0.7475,-0.0048,0.15259999
4,6.58,658,-0.64429998,0.7471,-0.0093,0.1626
4,6.59,659,-0.64230001,0.74649996,-0.0138,0.1724
4,6.6,660,-0.64029998,0.74589998,-0.0186,0.1821
4,6.61,661,-0.63800001,0.74529999,-0.0235,0.19159999
4,6.62,662,-0.63549995,0.74489999,-0.0285,0.2007
4,6.63,663,-0.63309997,0.74439996,-0.034,0.2093
4,6.64,664,-0.63069999,0.74379998,-0.0401,0.2174
4,6.65,665,-0.62819999,0.74329996,-0.0467,0.22469999
4,6.66,666,-0.62580001,0.7428,-0.0534,0.2315
4,6.67,667,-0.62339997,0.74219996,-0.0601,0.23809999
4,6.68,668,-0.62099999,0.74159998,-0.06659999,0.2446
4,6.69,669,-0.61869997,0.74079996,-0.0729,0.2509
4,6.7,670,-0.61659998,0.73979998,-0.079,0.25709999
4,6.71,671,-0.6146,0.73879999,-0.0849,0.26280001
4,6.72,672,-0.61269999,0.73799998,-0.0904,0.26769999
4,6.73,673,-0.61059999,0.73749995,-0.09559999,0.27199998
4,6.74,674,-0.6085,0.73729998,-0.1005,0.27539998
4,6.75,675,-0.60689998,0.73710001,-0.1052,0.27779999
4,6.76,676,-0.60539997,0.73699999,-0.1095,0.27950001
4,6.77,677,-0.60420001,0.73710001,-0.1131,0.28049999
4,6.78,678,-0.6031,0.73759997,-0.1155,0.28049999
4,6.79,679,-0.60219997,0.73829997,-0.11669999,0.27989998
4,6.8,680,-0.60179996,0.7392,-0.1165,0.2789
4,6.81,681,-0.60159999,0.74009997,-0.1152,0.2773
4,6.82,682,-0.60179996,0.741,-0.11279999,0.27539998
4,6.83,683,-0.60209996,0.7421,-0.1091,0.27329999
4,6.84,684,-0.60219997,0.74349999,-0.10439999,0.27129999
4,6.85,685,-0.60149997,0.74549997,-0.0997,0.26890001
4,6.86,686,-0.59939998,0.74919999,-0.0947,0.26519999
4,6.87,687,-0.59599996,0.75400001,-0.0873,0.2617
4,6.88,688,-0.5934,0.75749999,-0.0784,0.26029998
4,6.89,689,-0.59149998,0.7604,-0.0703,0.25839999
4,6.9,690,-0.58929998,0.76339996,-0.0622,0.25659999
4,6.91,691,-0.58679998,0.7665,-0.0538,0.2552
4,6.92,692,-0.58559996,0.76879996,-0.045,0.25279999
4,6.93,693,-0.58459997,0.7712,-0.0358,0.249
4,6.94,694,-0.58450001,0.77289999,-0.0266,0.24499999
4,6.95,695,-0.58520001,0.77419996,-0.0176,0.2402
4,6.96,696,-0.58599997,0.77529997,-0.0089,0.235
4,6.97,697,-0.58649999,0.77639997,-0.0009,0.23009999
4,6.98,698,-0.58709997,0.7773,0.0068,0.22579999
4,6.99,699,-0.58779997,0.77770001,0.0149,0.22219999
4,7.0,700,-0.58880001,0.77749997,0.023,0.2192
4,7.01,701,-0.58989996,0.77739996,0.0306,0.21599999
4,7.02,702,-0.59099996,0.7773,0.0371,0.212
4,7.03,703,-0.59219998,0.77739996,0.0425,0.20709999
4,7.04,704,-0.59349996,0.77759999,0.0471,0.2017
4,7.05,705,-0.59469998,0.77789998,0.0515,0.19589999
4,7.06,706,-0.59609997,0.778,0.0559,0.18979999
4,7.07,707,-0.59749997,0.77809995,0.0605,0.1839
4,7.08,708,-0.59889996,0.77789998,0.0653,0.17839999
4,7.09,709,-0.6002,0.77770001,0.0702,0.17289999
4,7.1,710,-0.60139996,0.77759999,0.0746,0.1673
4,7.11,711,-0.60259998,0.77759999,0.0779,0.1611
4,7.12,712,-0.6038,0.77770001,0.0804,0.1549
4,7.13,713,-0.60479999,0.77789998,0.0824,0.1487
4,7.14,714,-0.60589999,0.77819997,0.0837,0.14209999
4,7.15,715,-0.60689998,0.77849996,0.0845,0.1353
4,7.16,716,-0.60789996,0.77889997,0.0846,0.1283
4,7.17,717,-0.60899997,0.77929997,0.0841,0.1208
4,7.18,718,-0.61000001,0.7798,0.083,0.1131
4,7.19,719,-0.611,0.7802,0.0816,0.1055
4,7.2,720,-0.61199999,0.78059995,0.08,0.09779999
4,7.21,721,-0.61299998,0.7809,0.0785,0.0902
4,7.22,722,-0.61390001,0.78109998,0.0773,0.0832
4,7.23,723,-0.61469996,0.78119999,0.0765,0.0768
4,7.24,724,-0.6153,0.78130001,0.0759,0.0708
4,7.25,725,-0.61589998,0.78130001,0.0757,0.0652
4,7.26,726,-0.61659998,0.78130001,0.0755,0.0596
4,7.27,727,-0.61739999,0.78099996,0.0756,0.0541
4,7.28,728,-0.61829996,0.78069997,0.0758,0.0489
4,7.29,729,-0.61909997,0.78029996,0.076,0.0439
4,7.3,730,-0.61979997,0.77989995,0.0763,0.0392
4,7.31,731,-0.62059999,0.77950001,0.0768,0.0346
4,7.32,732,-0.6214,0.77899998,0.0773,0.0301
4,7.33,733,-0.62239999,0.7784,0.0775,0.0254
4,7.34,734,-0.62329996,0.77779996,0.0772,0.0206
4,7.35,735,-0.6243,0.77709997,0.0768,0.0161
4,7.36,736,-0.62540001,0.77629995,0.0771,0.0124
4,7.37,737,-0.62639999,0.77539998,0.0783,0.0095
4,7.38,738,-0.6275,0.7744,0.08,0.0069
4,7.39,739,-0.6286,0.77329999,0.0819,0.0045
4,7.4,740,-0.62979996,0.77209997,0.0837,0.002
4,7.41,741,-0.63089997,0.77109998,0.0851,-0.0005
4,7.42,742,-0.63209999,0.76999998,0.0861,-0.0031
4,7.43,743,-0.63339996,0.76879996,0.087,-0.0053
4,7.44,744,-0.63479996,0.76749998,0.0876,-0.0074
4,7.45,745,-0.63669997,0.76589996,0.0881,-0.0094
4,7.46,746,-0.63849998,0.76429999,0.0882,-0.0113
4,7.47,747,-0.64029998,0.76289999,0.0875,-0.013
4,7.48,748,-0.64199996,0.76159996,0.0866,-0.0137
4,7.49,749,-0.6437,0.76029998,0.0854,-0.0131
4,7.5,750,-0.64499998,0.75940001,0.0835,-0.0112
4,7.51,751,-0.64579999,0.75909996,0.0808,-0.0077
4,7.52,752,-0.64629996,0.759,0.078,-0.0033
4,7.53,753,-0.64669997,0.75889999,0.07539999,0.0015
4,7.54,754,-0.64749998,0.75830001,0.0739,0.0071
4,7.55,755,-0.64859998,0.75739998,0.07319999,0.0135
4,7.56,756,-0.6498,0.75629997,0.0715,0.0212
4,7.57,757,-0.65109998,0.75519997,0.0685,0.0294
4,7.58,758,-0.65249997,0.75400001,0.0647,0.0378
4,7.59,759,-0.6541,0.7525,0.0602,0.0461
4,7.6,760,-0.65579998,0.75089997,0.0549,0.0543
4,7.61,761,-0.65700001,0.74959999,0.0492,0.0616
4,7.62,762,-0.65799999,0.74860001,0.0429,0.0682
4,7.63,763,-0.65829998,0.74799997,0.0363,0.0748
4,7.64,764,-0.65810001,0.74779999,0.0299,0.0817
4,7.65,765,-0.6573,0.74779999,0.0237,0.0891
4,7.66,766,-0.65609998,0.74809998,0.0181,0.0968
4,7.67,767,-0.65450001,0.74860001,0.013,0.105
4,7.68,768,-0.65259999,0.74899995,0.008,0.1138
4,7.69,769,-0.65039998,0.74949998,0.003,0.123
4,7.7,770,-0.64809996,0.74979997,-0.0019,0.13249999
4,7.71,771,-0.64599997,0.74989998,-0.0069,0.14219999
4,7.72,772,-0.64399999,0.74949998,-0.0116,0.1522
4,7.73,773,-0.6419,0.74909997,-0.016,0.1626
4,7.74,774,-0.63959998,0.74860001,-0.0203,0.1732
4,7.75,775,-0.63709998,0.74809998,-0.0248,0.1838
4,7.76,776,-0.6347,0.74729997,-0.0296,0.19409999
4,7.77,777,-0.63239998,0.7464,-0.0348,0.204
4,7.78,778,-0.63019997,0.74539995,-0.0402,0.21329999
4,7.79,779,-0.62809998,0.74439996,-0.0458,0.2218
4,7.8,780,-0.62589997,0.74339998,-0.0516,0.2296
4,7.81,781,-0.62379998,0.74259996,-0.0575,0.23649999
4,7.82,782,-0.62180001,0.74189997,-0.0636,0.24239999
4,7.83,783,-0.62,0.74109995,-0.0697,0.24779999
4,7.84,784,-0.61809999,0.74039996,-0.0756,0.25279999
4,7.85,785,-0.61610001,0.73979998,-0.081,0.25759998
4,7.86,786,-0.61409998,0.73939997,-0.0857,0.26199999
4,7.87,787,-0.61199999,0.73949999,-0.0894,0.26549998
4,7.88,788,-0.61009997,0.73969996,-0.0924,0.26819998
4,7.89,789,-0.6085,0.74009997,-0.0946,0.26989999
4,7.9,790,-0.60719997,0.74079996,-0.0959,0.27039999
4,7.91,791,-0.60609996,0.74189997,-0.0964,0.26980001
4,7.92,792,-0.60479999,0.74339998,-0.09559999,0.2687
4,7.93,793,-0.60319996,0.74559999,-0.0932,0.26719999
4,7.94,794,-0.60089999,0.74860001,-0.0909,0.2647
4,7.95,795,-0.59709996,0.75349998,-0.08989999,0.2597
4,7.96,796,-0.5923,0.75949997,-0.0831,0.25560001
4,7.97,797,-0.59149998,0.76089996,-0.0742,0.25579998
4,7.98,798,-0.59109998,0.76249999,-0.0655,0.25439999
4,7.99,799,-0.58959997,0.76529998,-0.0558,0.25169998
4,8.0,800,-0.588,0.76800001,-0.0456,0.24949999
4,8.01,801,-0.58679998,0.77019995,-0.0358,0.2472
4,8.02,802,-0.58609998,0.77179998,-0.0263,0.24489999
4,8.03,803,-0.58539999,0.77329999,-0.0179,0.24249999
4,8.04,804,-0.58529997,0.77459997,-0.0106,0.23909999
4,8.05,805,-0.58539999,0.77609998,-0.0037,0.2342
4,8.06,806,-0.58539999,0.77770001,0.0027,0.2288
4,8.07,807,-0.58539999,0.77919996,0.0088,0.2234
4,8.08,808,-0.58590001,0.77989995,0.0154,0.2192
4,8.09,809,-0.58669996,0.77999997,0.0228,0.2163
4,8.1,810,-0.58749998,0.77959996,0.0304,0.21419999
4,8.11,811,-0.58829999,0.77939999,0.0379,0.21169999
4,8.12,812,-0.5891,0.77950001,0.0446,0.20789999
4,8.13,813,-0.58999997,0.7798,0.0505,0.20299999
4,8.14,814,-0.59099996,0.77989995,0.0559,0.1979
4,8.15,815,-0.59209996,0.7798,0.0615,0.1934
4,8.16,816,-0.59310001,0.77959996,0.0672,0.1893
4,8.17,817,-0.5941,0.77919996,0.0731,0.18529999
4,8.18,818,-0.59509999,0.77889997,0.0788,0.1812
4,8.19,819,-0.59630001,0.77849996,0.0838,0.1767
4,8.2,820,-0.59749997,0.77809995,0.0882,0.17199999
4,8.21,821,-0.59869999,0.77789998,0.0918,0.16689999
4,8.22,822,-0.59999996,0.77770001,0.0948,0.16139999
4,8.23,823,-0.60119998,0.77770001,0.0973,0.15539999
4,8.24,824,-0.60249996,0.77770001,0.099,0.14909999
4,8.25,825,-0.6038,0.77770001,0.1004,0.1428
4,8.26,826,-0.60509998,0.77770001,0.1015,0.1364
4,8.27,827,-0.6063,0.77770001,0.1021,0.13
4,8.28,828,-0.60759997,0.77779996,0.102,0.1234
4,8.29,829,-0.60909998,0.77779996,0.1015,0.1165
4,8.3,830,-0.61049998,0.77789998,0.1007,0.1094
4,8.31,831,-0.61179996,0.77789998,0.0998,0.1021
4,8.32,832,-0.61309999,0.77789998,0.09869999,0.095
4,8.33,833,-0.61430001,0.77789998,0.0977,0.0883
4,8.34,834,-0.6153,0.77779996,0.0971,0.0822
4,8.35,835,-0.61629999,0.77770001,0.097,0.0766
4,8.36,836,-0.61719996,0.77739996,0.0973,0.0711
4,8.37,837,-0.6182,0.77709997,0.0976,0.0654
4,8.38,838,-0.61939996,0.7766,0.09779999,0.0595
4,8.39,839,-0.62059999,0.77609998,0.09779999,0.0534
4,8.4,840,-0.62189996,0.77539998,0.09779999,0.0475
4,8.41,841,-0.62299997,0.7748,0.098,0.0421
4,8.42,842,-0.62409997,0.77419996,0.0982,0.037
4,8.43,843,-0.62509996,0.77359998,0.0983,0.0322
4,8.44,844,-0.6261,0.773,0.0982,0.0275
4,8.45,845,-0.62720001,0.77219999,0.0982,0.0232
4,8.46,846,-0.62830001,0.77129996,0.0984,0.0191
4,8.47,847,-0.62959999,0.77029997,0.0989,0.015
4,8.48,848,-0.63099998,0.76919997,0.0997,0.0112
4,8.49,849,-0.63229996,0.76800001,0.1012,0.008
4,8.5,850,-0.63339996,0.76679999,0.103,0.0056
4,8.51,851,-0.63479996,0.76550001,0.1043,0.0033
4,8.52,852,-0.63659996,0.764,0.1045,0.0009
4,8.53,853,-0.63859999,0.76239997,0.1037,-0.0013
4,8.54,854,-0.64050001,0.76109999,0.1017,-0.0034
4,8.55,855,-0.64230001,0.75989997,0.0988,-0.0043
4,8.56,856,-0.64410001,0.75889999,0.0954,-0.0037
4,8.57,857,-0.64559996,0.75809997,0.0916,-0.0012
4,8.58,858,-0.64699996,0.75739998,0.0874,0.0029
4,8.59,859,-0.64829999,0.75669998,0.0828,0.0078
4,8.6,860,-0.64959997,0.75599998,0.078,0.0121
4,8.61,861,-0.65169996,0.75459999,0.0744,0.0165
4,8.62,862,-0.65369999,0.75299996,0.0714,0.0224
4,8.63,863,-0.65539998,0.75159997,0.067,0.0296
4,8.64,864,-0.65689999,0.75040001,0.0615,0.0371
4,8.65,865,-0.6584,0.74919999,0.0554,0.0444
4,8.66,866,-0.65990001,0.74790001,0.0489,0.0516
4,8.67,867,-0.6613,0.74659997,0.0419,0.0588
4,8.68,868,-0.66240001,0.74529999,0.0349,0.066
4,8.69,869,-0.66319996,0.74419999,0.0279,0.0733
4,8.7,870,-0.66339999,0.74349999,0.0212,0.0809
4,8.71,871,-0.66299999,0.74299997,0.0151,0.0888
4,8.72,872,-0.662,0.74299997,0.0098,0.09739999
4,8.73,873,-0.66060001,0.74299997,0.0049,0.1063
4,8.74,874,-0.65899998,0.74309999,0.0002,0.1157
4,8.75,875,-0.65709996,0.74309999,-0.0039,0.1256
4,8.76,876,-0.65489995,0.74329996,-0.0081,0.1358
4,8.77,877,-0.65279996,0.74309999,-0.0121,0.1461
4,8.78,878,-0.65090001,0.74259996,-0.016,0.1564
4,8.79,879,-0.64889997,0.74189997,-0.02,0.167
4,8.8,880,-0.6469,0.74109995,-0.0238,0.1776
4,8.81,881,-0.64459997,0.74039996,-0.0277,0.18799999
4,8.82,882,-0.64209998,0.73979998,-0.0317,0.1981
4,8.83,883,-0.63949996,0.73929995,-0.036,0.2076
4,8.84,884,-0.63690001,0.73879999,-0.0408,0.2164
4,8.85,885,-0.63429999,0.73820001,-0.0459,0.22459999
4,8.86,886,-0.6318,0.73759997,-0.0515,0.2322
4,8.87,887,-0.6293,0.73710001,-0.0571,0.2395
4,8.88,888,-0.62659997,0.73659998,-0.0625,0.2465
4,8.89,889,-0.62369996,0.73629999,-0.0678,0.25310001
4,8.9,890,-0.62089998,0.73609996,-0.073,0.25909999
4,8.91,891,-0.61809999,0.736,-0.0778,0.26459998
4,8.92,892,-0.61539996,0.736,-0.0822,0.2696
4,8.93,893,-0.61269999,0.73609996,-0.0862,0.27399999
4,8.94,894,-0.61009997,0.73649997,-0.0896,0.27770001
4,8.95,895,-0.60749996,0.73719996,-0.0925,0.28059998
4,8.96,896,-0.60499996,0.73809999,-0.0948,0.2827
4,8.97,897,-0.60289997,0.7392,-0.0964,0.28389999
4,8.98,898,-0.60100001,0.74049997,-0.0975,0.2843
4,8.99,899,-0.5995,0.74180001,-0.0977,0.28380001
4,9.0,900,-0.59829998,0.74349999,-0.0968,0.2825
4,9.01,901,-0.59689999,0.74549997,-0.0948,0.2807
4,9.02,902,-0.59539998,0.74790001,-0.0916,0.2784
4,9.03,903,-0.59389997,0.75059998,-0.087,0.27599999
4,9.04,904,-0.59209996,0.75379997,-0.083,0.2723
4,9.05,905,-0.58859998,0.759,-0.0795,0.26629999
4,9.06,906,-0.5848,0.76429999,-0.0712,0.26199999
4,9.07,907,-0.58529997,0.76459998,-0.062,0.2624
4,9.08,908,-0.58529997,0.76559997,-0.0528,0.26159999
4,9.09,909,-0.5844,0.76709998,-0.043,0.26069999
4,9.1,910,-0.58329999,0.76859999,-0.033,0.26019999
4,9.11,911,-0.58239996,0.77039999,-0.024,0.25799999
4,9.12,912,-0.5812,0.77249998,-0.0162,0.25490001
4,9.13,913,-0.58059996,0.77419996,-0.0093,0.25149998
4,9.14,914,-0.58090001,0.77559996,-0.0029,0.24659999
4,9.15,915,-0.58139998,0.77709997,0.0036,0.24079999
4,9.16,916,-0.58179998,0.77849996,0.0099,0.2349
4,9.17,917,-0.5826,0.77929997,0.0165,0.2298
4,9.18,918,-0.58359998,0.77950001,0.024,0.22579999
4,9.19,919,-0.5848,0.77919996,0.0321,0.22289999
4,9.2,920,-0.58579999,0.77859998,0.0405,0.2207
4,9.21,921,-0.58669996,0.77829999,0.0483,0.21799999
4,9.22,922,-0.58759999,0.77819997,0.055,0.21429999
4,9.23,923,-0.58859998,0.77829999,0.0607,0.2096
4,9.24,924,-0.58969998,0.7784,0.0659,0.20439999
4,9.25,925,-0.59099996,0.77829999,0.0711,0.19929999
4,9.26,926,-0.59219998,0.77819997,0.0764,0.19419999
4,9.27,927,-0.59349996,0.77779996,0.0817,0.1893
4,9.28,928,-0.59490001,0.77739996,0.08679999,0.18449999
4,9.29,929,-0.59630001,0.77689999,0.0915,0.1797
4,9.3,930,-0.59749997,0.7766,0.0957,0.17459999
4,9.31,931,-0.59869999,0.77639997,0.0993,0.16929999
4,9.32,932,-0.59979999,0.77629995,0.1026,0.16399999
4,9.33,933,-0.60089999,0.7762,0.1056,0.15869999
4,9.34,934,-0.602,0.77599996,0.10839999,0.1533
4,9.35,935,-0.6031,0.77579999,0.1109,0.1478
4,9.36,936,-0.60429996,0.77569997,0.1131,0.14199999
4,9.37,937,-0.60549998,0.77559996,0.1147,0.13599999
4,9.38,938,-0.6067,0.7755,0.11589999,0.13
4,9.39,939,-0.60799998,0.77539998,0.11669999,0.124
4,9.4,940,-0.6092,0.77529997,0.1173,0.1179
4,9.41,941,-0.6103,0.77520001,0.1178,0.112
4,9.42,942,-0.61140001,0.77509999,0.1182,0.1061
4,9.43,943,-0.61250001,0.77499998,0.1187,0.1001
4,9.44,944,-0.61369997,0.77459997,0.1193,0.09429999
4,9.45,945,-0.61489999,0.77429998,0.1196,0.0884
4,9.46,946,-0.61610001,0.77399999,0.11979999,0.0825
4,9.47,947,-0.61729997,0.77359998,0.1199,0.0768
4,9.48,948,-0.61860001,0.77309996,0.1201,0.0712
4,9.49,949,-0.61979997,0.7726,0.12029999,0.0656
4,9.5,950,-0.62099999,0.77209997,0.12029999,0.06
4,9.51,951,-0.62220001,0.77149999,0.1204,0.0546
4,9.52,952,-0.62329996,0.77089995,0.1206,0.0496
4,9.53,953,-0.62449998,0.77019995,0.1206,0.0449
4,9.54,954,-0.6257,0.76949996,0.1206,0.0405
4,9.55,955,-0.62699997,0.76859999,0.1208,0.0364
4,9.56,956,-0.62830001,0.76749998,0.12199999,0.0329
4,9.57,957,-0.62970001,0.76620001,0.12379999,0.03
4,9.58,958,-0.6311,0.76489997,0.1257,0.0272
4,9.59,959,-0.63249999,0.76359999,0.127,0.0244
4,9.6,960,-0.63379997,0.76239997,0.12789999,0.0215
4,9.61,961,-0.63529998,0.76119995,0.1284,0.0184
4,9.62,962,-0.6372,0.7597,0.1284,0.0153
4,9.63,963,-0.63949996,0.7579,0.1278,0.0121
4,9.64,964,-0.6419,0.7561,0.1267,0.0092
4,9.65,965,-0.64399999,0.75470001,0.1245,0.0068
4,9.66,966,-0.64599997,0.75339997,0.1219,0.0054
4,9.67,967,-0.64789999,0.75220001,0.1192,0.0055
4,9.68,968,-0.6494,0.75139999,0.1162,0.0075
4,9.69,969,-0.65059996,0.75089997,0.11279999,0.0103
4,9.7,970,-0.65169996,0.75040001,0.109,0.0133
4,9.71,971,-0.65279996,0.74979997,0.1058,0.0164
4,9.72,972,-0.65429997,0.74860001,0.1042,0.0207
4,9.73,973,-0.65569997,0.74729997,0.1034,0.0277
4,9.74,974,-0.65679997,0.74619997,0.1014,0.0358
4,9.75,975,-0.6577,0.74539995,0.0982,0.044
4,9.76,976,-0.65880001,0.7446,0.0936,0.0515
4,9.77,977,-0.66009998,0.74360001,0.0883,0.0587
4,9.78,978,-0.66119999,0.74259996,0.0829,0.0656
4,9.79,979,-0.66219997,0.74169999,0.0774,0.0721
4,9.8,980,-0.6627,0.74119997,0.0717,0.0785
4,9.81,981,-0.66249996,0.74119997,0.0659,0.0852
4,9.82,982,-0.66149998,0.74169999,0.0603,0.0922
4,9.83,983,-0.66009998,0.74239999,0.0548,0.0998
4,9.84,984,-0.65849996,0.74299997,0.0499,0.10789999
4,9.85,985,-0.65689999,0.74339998,0.0454,0.1168
4,9.86,986,-0.65509999,0.74369997,0.041,0.12619999
4,9.87,987,-0.65289998,0.74409997,0.0366,0.13599999
4,9.88,988,-0.65059996,0.74439996,0.0324,0.146
4,9.89,989,-0.64819998,0.7446,0.0282,0.1565
4,9.9,990,-0.64569998,0.74449998,0.0242,0.1674
4,9.91,991,-0.64309996,0.74430001,0.0203,0.1785
4,9.92,992,-0.64039999,0.7439,0.0164,0.1899
4,9.93,993,-0.63779998,0.7432,0.0123,0.2014
4,9.94,994,-0.63510001,0.74250001,0.0077,0.21249999
4,9.95,995,-0.63239998,0.74169999,0.0024,0.22299999
4,9.96,996,-0.62979996,0.74089998,-0.0036,0.2331
4,9.97,997,-0.62699997,0.74000001,-0.0102,0.2429
4,9.98,998,-0.6239,0.73939997,-0.0174,0.25209999
4,9.99,999,-0.62049997,0.73899996,-0.025,0.2608
4,10.0,1000,-0.61689997,0.73879999,-0.0328,0.26899999
4,10.01,1001,-0.61320001,0.73859996,-0.0407,0.2766
4,10.02,1002,-0.60949999,0.73859996,-0.0487,0.2836
4,10.03,1003,-0.60589999,0.73859996,-0.0567,0.2899
4,10.04,1004,-0.60229999,0.73869997,-0.0646,0.29539999
4,10.05,1005,-0.59859997,0.73899996,-0.0721,0.3003
4,10.06,1006,-0.59499997,0.73949999,-0.0791,0.30449998
4,10.07,1007,-0.59149998,0.7403,-0.08549999,0.30769998
4,10.08,1008,-0.588,0.7414,-0.0913,0.30989999
4,10.09,1009,-0.5848,0.74289995,-0.0966,0.31079999
4,10.1,1010,-0.58179998,0.7446,-0.1008,0.31099999
4,10.11,1011,-0.57879996,0.74669999,-0.1036,0.31079999
4,10.12,1012,-0.57589996,0.7489,-0.10529999,0.31020001
4,10.13,1013,-0.57349998,0.75129998,-0.1063,0.30840001
4,10.14,1014,-0.57139999,0.75379997,-0.1068,0.30609998
4,10.15,1015,-0.56940001,0.75659996,-0.10659999,0.30309999
4,10.16,1016,-0.5675,0.75949997,-0.1056,0.29960001
4,10.17,1017,-0.56559998,0.7626,-0.1039,0.296
4,10.18,1018,-0.56389999,0.76569998,-0.1013,0.29209998
4,10.19,1019,-0.56209999,0.76879996,-0.0993,0.28819999
4,10.2,1020,-0.55809999,0.77309996,-0.09649999,0.2852
4,10.21,1021,-0.55839998,0.77289999,-0.088,0.2877
4,10.22,1022,-0.56189996,0.76999998,-0.0785,0.29170001
4,10.23,1023,-0.56309998,0.76980001,-0.06879999,0.29209998
4,10.24,1024,-0.56339997,0.77069998,-0.0585,0.2915
4,10.25,1025,-0.56269997,0.77219999,-0.0493,0.29080001
4,10.26,1026,-0.5618,0.77419996,-0.0419,0.28830001
4,10.27,1027,-0.56150001,0.77579999,-0.0365,0.28529999
4,10.28,1028,-0.56169999,0.77709997,-0.0314,0.28169999
4,10.29,1029,-0.56339997,0.77770001,-0.0256,0.2773
4,10.3,1030,-0.56459999,0.77869999,-0.0192,0.2726
4,10.31,1031,-0.56549996,0.77989995,-0.0134,0.26769999
4,10.32,1032,-0.56650001,0.78069997,-0.0082,0.26350001
4,10.33,1033,-0.56769997,0.78109998,-0.0024,0.2597
4,10.34,1034,-0.56909996,0.78130001,0.0037,0.2561
4,10.35,1035,-0.5704,0.78169996,0.0092,0.25169998
4,10.36,1036,-0.57169998,0.7823,0.0139,0.24659999
4,10.37,1037,-0.5729,0.78310001,0.0177,0.2411
4,10.38,1038,-0.57419997,0.78369999,0.0213,0.2358
4,10.39,1039,-0.57539999,0.78419995,0.0247,0.2306
4,10.4,1040,-0.57669997,0.78469998,0.028,0.2253
4,10.41,1041,-0.57809997,0.78509998,0.0309,0.2198
4,10.42,1042,-0.57949996,0.78560001,0.033,0.2138
4,10.43,1043,-0.58099997,0.78609997,0.0347,0.2076
4,10.44,1044,-0.58239996,0.78659999,0.0362,0.2016
4,10.45,1045,-0.5837,0.787,0.038,0.19589999
4,10.46,1046,-0.5848,0.78740001,0.0398,0.19039999
4,10.47,1047,-0.58569998,0.78789997,0.0417,0.18509999
4,10.48,1048,-0.58660001,0.78829998,0.0438,0.17979999
4,10.49,1049,-0.58739996,0.7888,0.046,0.17479999
4,10.5,1050,-0.58819997,0.78909999,0.0483,0.17009999
4,10.51,1051,-0.58889997,0.78920001,0.0509,0.16579999
4,10.52,1052,-0.58969998,0.78929996,0.0537,0.162
4,10.53,1053,-0.59039998,0.78929996,0.0566,0.1583
4,10.54,1054,-0.59109998,0.78929996,0.0594,0.1547
4,10.55,1055,-0.59179997,0.78920001,0.0621,0.1512
4,10.56,1056,-0.59249997,0.78909999,0.065,0.148
4,10.57,1057,-0.59310001,0.78889996,0.068,0.1452
4,10.58,1058,-0.59369999,0.78859997,0.07099999,0.1426
4,10.59,1059,-0.59419996,0.78849995,0.074,0.14
4,10.6,1060,-0.5948,0.78829998,0.0766,0.1372
4,10.61,1061,-0.59529996,0.7881,0.07889999,0.1344
4,10.62,1062,-0.59599996,0.78779995,0.08109999,0.1319
4,10.63,1063,-0.59649998,0.78759998,0.0834,0.12979999
4,10.64,1064,-0.59679997,0.78729999,0.0859,0.1278
4,10.65,1065,-0.59719998,0.78719997,0.0883,0.1256
4,10.66,1066,-0.59759998,0.787,0.0904,0.123
4,10.67,1067,-0.59819996,0.78679997,0.0922,0.12019999
4,10.68,1068,-0.59869999,0.78669995,0.0938,0.1173
4,10.69,1069,-0.59920001,0.78649998,0.0955,0.11449999
4,10.7,1070,-0.59979999,0.7863,0.097,0.11149999
4,10.71,1071,-0.60039997,0.78609997,0.098,0.10839999
4,10.72,1072,-0.60119998,0.7859,0.09869999,0.1051
4,10.73,1073,-0.60219997,0.78549999,0.0991,0.1016
4,10.74,1074,-0.6031,0.7852,0.0995,0.0982
4,10.75,1075,-0.6038,0.78509998,0.0998,0.0949
4,10.76,1076,-0.60439998,0.78490001,0.1004,0.09209999
4,10.77,1077,-0.6049,0.78459996,0.1012,0.0897
4,10.78,1078,-0.6056,0.78419995,0.10219999,0.0874
4,10.79,1079,-0.60640001,0.78380001,0.1029,0.0846
4,10.8,1080,-0.60719997,0.78359997,0.1029,0.0808
4,10.81,1081,-0.60789996,0.78349996,0.1025,0.0766
4,10.82,1082,-0.60859996,0.7834,0.1023,0.0727
4,10.83,1083,-0.60909998,0.78329998,0.1024,0.0694
4,10.84,1084,-0.60939997,0.78319997,0.1028,0.0665
4,10.85,1085,-0.60969996,0.78319997,0.1032,0.0638
4,10.86,1086,-0.6099,0.78319997,0.1037,0.0613
4,10.87,1087,-0.61009997,0.78310001,0.1043,0.059
4,10.88,1088,-0.6103,0.78299999,0.105,0.0571
4,10.89,1089,-0.61049998,0.78279996,0.1061,0.0558
4,10.9,1090,-0.61059999,0.78259999,0.1076,0.0554
4,10.91,1091,-0.61070001,0.78209996,0.1099,0.0554
4,10.92,1092,-0.61089998,0.78149998,0.11279999,0.0559
4,10.93,1093,-0.61109996,0.7809,0.11589999,0.0566
4,10.94,1094,-0.61129999,0.7802,0.119,0.0574
4,10.95,1095,-0.61159998,0.77939999,0.1217,0.0582
4,10.96,1096,-0.61199999,0.77879995,0.12379999,0.0588
4,10.97,1097,-0.61219996,0.7784,0.1251,0.059
4,10.98,1098,-0.6124,0.77819997,0.1257,0.0586
4,10.99,1099,-0.61250001,0.77809995,0.1259,0.0577
4,11.0,1100,-0.61259997,0.77809995,0.1258,0.0564
4,11.01,1101,-0.6128,0.77809995,0.1256,0.0551
4,11.02,1102,-0.61309999,0.778,0.1256,0.0539
4,11.03,1103,-0.61339998,0.77779996,0.1256,0.0529
4,11.04,1104,-0.61369997,0.77759999,0.1257,0.0518
4,11.05,1105,-0.61409998,0.77739996,0.1259,0.051
4,11.06,1106,-0.61449999,0.77700001,0.12619999,0.0507
4,11.07,1107,-0.61500001,0.7766,0.1266,0.0506
4,11.08,1108,-0.6153,0.7762,0.1269,0.0506
4,11.09,1109,-0.61559999,0.77599996,0.12729999,0.0506
4,11.1,1110,-0.61579996,0.77569997,0.1277,0.0505
4,11.11,1111,-0.61589998,0.77559996,0.12819999,0.0506
4,11.12,1112,-0.61579996,0.7755,0.12889999,0.0506
4,11.13,1113,-0.61570001,0.7755,0.1295,0.0505
4,11.14,1114,-0.61559999,0.7755,0.1303,0.0504
4,11.15,1115,-0.61539996,0.7755,0.1311,0.0504
4,11.16,1116,-0.6153,0.77539998,0.132,0.0504
4,11.17,1117,-0.6153,0.77529997,0.1329,0.0505
4,11.18,1118,-0.61519998,0.77509999,0.1339,0.0506
4,11.19,1119,-0.61519998,0.77499998,0.1347,0.0508
4,11.2,1120,-0.6153,0.7748,0.1353,0.051
4,11.21,1121,-0.61539996,0.77459997,0.13589999,0.0512
4,11.22,1122,-0.61559999,0.7744,0.1363,0.0513
4,11.23,1123,-0.61570001,0.77419996,0.1366,0.0514
4,11.24,1124,-0.616,0.77399999,0.13679999,0.0514
4,11.25,1125,-0.61610001,0.77379996,0.13699999,0.0514
4,11.26,1126,-0.61619997,0.7737,0.1372,0.0514
4,11.27,1127,-0.61629999,0.77359998,0.13759999,0.0514
4,11.28,1128,-0.61619997,0.77359998,0.1381,0.0517
4,11.29,1129,-0.61610001,0.77349997,0.13869999,0.0518
4,11.3,1130,-0.61610001,0.77340001,0.13949999,0.052
4,11.31,1131,-0.61610001,0.77319998,0.14029999,0.0521
4,11.32,1132,-0.61610001,0.77309996,0.141,0.0522
4,11.33,1133,-0.61619997,0.77279997,0.1418,0.0524
4,11.34,1134,-0.61629999,0.7726,0.1425,0.0525
4,11.35,1135,-0.6164,0.77239996,0.14309999,0.0526
4,11.36,1136,-0.61649996,0.77219999,0.1436,0.0527
4,11.37,1137,-0.61659998,0.77209997,0.1441,0.0528
4,11.38,1138,-0.61669999,0.77199996,0.1445,0.0529
4,11.39,1139,-0.61669999,0.77179998,0.14479999,0.053
4,11.4,1140,-0.61680001,0.77169997,0.1452,0.0531
4,11.41,1141,-0.61689997,0.77149999,0.14559999,0.0531
4,11.42,1142,-0.6171,0.77129996,0.146,0.0531
4,11.43,1143,-0.61719996,0.77109998,0.14649999,0.053
4,11.44,1144,-0.61729997,0.77089995,0.147,0.053
4,11.45,1145,-0.61739999,0.77079999,0.14749999,0.053
4,11.46,1146,-0.61739999,0.77069998,0.148,0.053
4,11.47,1147,-0.61739999,0.77059996,0.1485,0.053
4,11.48,1148,-0.61750001,0.77039999,0.1489,0.053
4,11.49,1149,-0.61759996,0.77029997,0.14929999,0.0529
4,11.5,1150,-0.6178,0.7701,0.1497,0.0528
4,11.51,1151,-0.61790001,0.76989996,0.15009999,0.0527
4,11.52,1152,-0.61809999,0.76959997,0.1506,0.0526
4,11.53,1153,-0.61829996,0.7694,0.15099999,0.0524
4,11.54,1154,-0.61849999,0.76919997,0.1514,0.0522
4,11.55,1155,-0.61860001,0.76899999,0.15169999,0.0521
4,11.56,1156,-0.61879998,0.76889998,0.152,0.052
4,11.57,1157,-0.6189,0.7687,0.1523,0.0518
4,11.58,1158,-0.6189,0.76859999,0.15259999,0.0517
4,11.59,1159,-0.6189,0.76859999,0.1529,0.0517
4,11.6,1160,-0.61899996,0.76849997,0.1533,0.0516
4,11.61,1161,-0.61899996,0.76839995,0.15359999,0.0514
4,11.62,1162,-0.61909997,0.7683,0.1539,0.0512
4,11.63,1163,-0.61930001,0.76809996,0.1541,0.0509
4,11.64,1164,-0.61939996,0.76800001,0.15429999,0.0507
4,11.65,1165,-0.6196,0.76779997,0.15429999,0.0505
4,11.66,1166,-0.61979997,0.76769996,0.15429999,0.0503
4,11.67,1167,-0.62,0.7676,0.15429999,0.0501
4,11.68,1168,-0.62009996,0.76749998,0.15429999,0.0499
4,11.69,1169,-0.62019998,0.76739997,0.15429999,0.0497
4,11.7,1170,-0.62029999,0.76730001,0.15429999,0.0494
4,11.71,1171,-0.62040001,0.76730001,0.15429999,0.0491
4,11.72,1172,-0.62049997,0.76719999,0.1542,0.0488
4,11.73,1173,-0.6207,0.76709998,0.1542,0.0485
4,11.74,1174,-0.62079996,0.76699996,0.1541,0.0481
4,11.75,1175,-0.62099999,0.7669,0.1541,0.0478
4,11.76,1176,-0.62110001,0.76679999,0.154,0.0476
4,11.77,1177,-0.62119997,0.76679999,0.154,0.0474
4,11.78,1178,-0.62129998,0.76679999,0.154,0.0472
4,11.79,1179,-0.62129998,0.76669997,0.1539,0.047
4,11.8,1180,-0.6214,0.76669997,0.15369999,0.0468
4,11.81,1181,-0.6214,0.76679999,0.15349999,0.0465
4,11.82,1182,-0.62149996,0.76679999,0.1533,0.0463
4,11.83,1183,-0.62149996,0.76679999,0.1532,0.0461
4,11.84,1184,-0.62169999,0.76669997,0.1532,0.0459
4,11.85,1185,-0.62180001,0.76659995,0.1532,0.0457
4,11.86,1186,-0.62189996,0.7665,0.1531,0.0455
4,11.87,1187,-0.62199998,0.7665,0.153,0.0453
4,11.88,1188,-0.6221,0.76639998,0.1529,0.0452
4,11.89,1189,-0.6221,0.7665,0.15279999,0.0451
4,11.9,1190,-0.62199998,0.76659995,0.15269999,0.045
4,11.91,1191,-0.62189996,0.76669997,0.1525,0.0449
4,11.92,1192,-0.62199998,0.76669997,0.1524,0.0447
4,11.93,1193,-0.6221,0.76659995,0.1523,0.0445
4,11.94,1194,-0.62220001,0.76659995,0.1521,0.0443
4,11.95,1195,-0.62229997,0.7665,0.152,0.044
4,11.96,1196,-0.62239999,0.76639998,0.15189999,0.0438
4,11.97,1197,-0.6225,0.76639998,0.15189999,0.0437
4,11.98,1198,-0.62259996,0.76639998,0.15189999,0.0434
4,11.99,1199,-0.62259996,0.76639998,0.15179999,0.0432
4,12.0,1200,-0.62259996,0.76639998,0.15179999,0.0431
4,12.01,1201,-0.62269998,0.76629996,0.15169999,0.043
4,12.02,1202,-0.62279999,0.76629996,0.1516,0.0428
4,12.03,1203,-0.62279999,0.76629996,0.1515,0.0426
4,12.04,1204,-0.62290001,0.76620001,0.1515,0.0423
4,12.05,1205,-0.62299997,0.76620001,0.1515,0.0421
4,12.06,1206,-0.62309998,0.76609999,0.1514,0.042
4,12.07,1207,-0.62309998,0.76609999,0.1514,0.0419
4,12.08,1208,-0.6232,0.76599997,0.1514,0.0419
4,12.09,1209,-0.6232,0.76599997,0.1515,0.0418
4,12.1,1210,-0.6232,0.76599997,0.1515,0.0418
4,12.11,1211,-0.62329996,0.76599997,0.1515,0.0418
4,12.12,1212,-0.62329996,0.76589996,0.1515,0.0418
4,12.13,1213,-0.62329996,0.76589996,0.1515,0.0417
4,12.14,1214,-0.62339997,0.76589996,0.1514,0.0417
4,12.15,1215,-0.62339997,0.76589996,0.1513,0.0415
4,12.16,1216,-0.62349999,0.76589996,0.15109999,0.0414
4,12.17,1217,-0.62349999,0.76589996,0.15089999,0.0413
4,12.18,1218,-0.62360001,0.76589996,0.1507,0.0413
4,12.19,1219,-0.62360001,0.76589996,0.1505,0.0414
4,12.2,1220,-0.62360001,0.76589996,0.1503,0.0414
4,12.21,1221,-0.62360001,0.76589996,0.15009999,0.0416
4,12.22,1222,-0.62369996,0.76589996,0.14999999,0.0416
4,12.23,1223,-0.62369996,0.76589996,0.14989999,0.0417
4,12.24,1224,-0.62369996,0.76589996,0.1498,0.0417
4,12.25,1225,-0.62379998,0.76589996,0.1496,0.0416
4,12.26,1226,-0.62379998,0.76589996,0.1494,0.0414
4,12.27,1227,-0.6239,0.76599997,0.14899999,0.0413
4,12.28,1228,-0.6239,0.76599997,0.1487,0.0412
4,12.29,1229,-0.6239,0.76609999,0.14839999,0.0412
4,12.3,1230,-0.6239,0.76609999,0.1481,0.0411
4,12.31,1231,-0.6239,0.76620001,0.1478,0.0411
4,12.32,1232,-0.6239,0.76620001,0.1476,0.0411
4,12.33,1233,-0.62400001,0.76620001,0.14749999,0.0411
4,12.34,1234,-0.62400001,0.76620001,0.14739999,0.0411
4,12.35,1235,-0.62409997,0.76609999,0.14739999,0.0411
4,12.36,1236,-0.62409997,0.76609999,0.14739999,0.0411
4,12.37,1237,-0.62409997,0.76609999,0.14729999,0.0411
4,12.38,1238,-0.62419999,0.76609999,0.1472,0.0412
4,12.39,1239,-0.62419999,0.76609999,0.1471,0.0412
4,12.4,1240,-0.62419999,0.76609999,0.1469,0.0413
4,12.41,1241,-0.62409997,0.76620001,0.14669999,0.0416
4,12.42,1242,-0.62409997,0.76629996,0.14649999,0.0419
4,12.43,1243,-0.62409997,0.76629996,0.14649999,0.042
4,12.44,1244,-0.62409997,0.76629996,0.14649999,0.0421
4,12.45,1245,-0.62409997,0.76620001,0.14649999,0.0422
4,12.46,1246,-0.62409997,0.76620001,0.14659999,0.0422
4,12.47,1247,-0.62409997,0.76620001,0.14669999,0.0423
4,12.48,1248,-0.62409997,0.76620001,0.14669999,0.0424
4,12.49,1249,-0.62409997,0.76620001,0.14669999,0.0425
4,12.5,1250,-0.62400001,0.76620001,0.1468,0.0427
4,12.51,1251,-0.62400001,0.76620001,0.1468,0.0428
4,12.52,1252,-0.6239,0.76629996,0.1468,0.043
4,12.53,1253,-0.62379998,0.76629996,0.1468,0.0432
4,12.54,1254,-0.62379998,0.76629996,0.1469,0.0433
4,12.55,1255,-0.62379998,0.76629996,0.147,0.0433
4,12.56,1256,-0.62379998,0.76629996,0.1471,0.0434
4,12.57,1257,-0.62379998,0.76629996,0.1472,0.0435
4,12.58,1258,-0.62369996,0.76629996,0.14729999,0.0435
4,12.59,1259,-0.62369996,0.76629996,0.14739999,0.0437
4,12.6,1260,-0.62369996,0.76629996,0.14749999,0.0439
4,12.61,1261,-0.62360001,0.76629996,0.1477,0.0441
4,12.62,1262,-0.62360001,0.76629996,0.1479,0.0443
4,12.63,1263,-0.62349999,0.76620001,0.14829999,0.0446
4,12.64,1264,-0.62349999,0.76609999,0.1486,0.0449
4,12.65,1265,-0.62349999,0.76609999,0.14899999,0.0451
4,12.66,1266,-0.62339997,0.76599997,0.14929999,0.0454
4,12.67,1267,-0.62339997,0.76599997,0.1497,0.0456
4,12.68,1268,-0.62329996,0.76599997,0.14999999,0.0458
4,12.69,1269,-0.62329996,0.76599997,0.15019999,0.046
4,12.7,1270,-0.6232,0.76599997,0.1504,0.0462
4,12.71,1271,-0.62309998,0.76599997,0.1505,0.0465
4,12.72,1272,-0.62299997,0.76599997,0.1507,0.0467
4,12.73,1273,-0.62290001,0.76599997,0.15089999,0.0469
4,12.74,1274,-0.62290001,0.76599997,0.15109999,0.0471
4,12.75,1275,-0.62279999,0.76599997,0.1514,0.0473
4,12.76,1276,-0.62279999,0.76589996,0.15169999,0.0474
4,12.77,1277,-0.62279999,0.76589996,0.152,0.0476
4,12.78,1278,-0.62279999,0.7658,0.1524,0.0479
4,12.79,1279,-0.62279999,0.76569998,0.15269999,0.0481
4,12.8,1280,-0.62279999,0.76569998,0.1531,0.0483
4,12.81,1281,-0.62279999,0.76559997,0.15339999,0.0486
4,12.82,1282,-0.62269998,0.76550001,0.1538,0.0489
4,12.83,1283,-0.62269998,0.76550001,0.1541,0.0492
4,12.84,1284,-0.62259996,0.76550001,0.15449999,0.0494
4,12.85,1285,-0.6225,0.76539999,0.1547,0.0496
4,12.86,1286,-0.6225,0.76539999,0.1549,0.0497
4,12.87,1287,-0.6225,0.76539999,0.1551,0.0497
4,12.88,1288,-0.6225,0.76539999,0.15519999,0.0498
4,12.89,1289,-0.62239999,0.76539999,0.15529999,0.0498
4,12.9,1290,-0.62239999,0.76539999,0.15529999,0.0497
4,12.91,1291,-0.62239999,0.76539999,0.15539999,0.0496
4,12.92,1292,-0.62239999,0.76539999,0.15539999,0.0496
4,12.93,1293,-0.62229997,0.76550001,0.15539999,0.0497
4,12.94,1294,-0.62229997,0.76539999,0.15549999,0.0498
4,12.95,1295,-0.62229997,0.76539999,0.1556,0.0499
4,12.96,1296,-0.62220001,0.76550001,0.1557,0.0499
4,12.97,1297,-0.62220001,0.76550001,0.1559,0.0499
4,12.98,1298,-0.62220001,0.76539999,0.156,0.05
4,12.99,1299,-0.6221,0.76539999,0.15619999,0.05
4,13.0,1300,-0.6221,0.76539999,0.15629999,0.05
4,13.01,1301,-0.62220001,0.76539999,0.1565,0.0499
4,13.02,1302,-0.62220001,0.76529998,0.1565,0.0499
4,13.03,1303,-0.62220001,0.76529998,0.1565,0.0499
4,13.04,1304,-0.62220001,0.76529998,0.1565,0.0499
4,13.05,1305,-0.62220001,0.76529998,0.1565,0.0499
4,13.06,1306,-0.62220001,0.76529998,0.1564,0.0497
4,13.07,1307,-0.62220001,0.76539999,0.1564,0.0496
4,13.08,1308,-0.62220001,0.76539999,0.15629999,0.0495
4,13.09,1309,-0.62220001,0.76539999,0.15619999,0.0494
4,13.1,1310,-0.62220001,0.76550001,0.15609999,0.0493
4,13.11,1311,-0.6221,0.76559997,0.156,0.0491
4,13.12,1312,-0.62199998,0.76569998,0.156,0.049
